{
  "IcoMoonType": "selection",
  "icons": [
    {
      "icon": {
        "paths": [
          "M135.429 808h132v-396.571h-132v396.571zM276 289.143q-0.571-29.714-20.571-49.143t-53.143-19.429-54 19.429-20.857 49.143q0 29.143 20.286 48.857t52.857 19.714h0.571q33.714 0 54.286-19.714t20.571-48.857zM610.286 808h132v-227.429q0-88-41.714-133.143t-110.286-45.143q-77.714 0-119.429 66.857h1.143v-57.714h-132q1.714 37.714 0 396.571h132v-221.714q0-21.714 4-32 8.571-20 25.714-34t42.286-14q66.286 0 66.286 89.714v212zM877.714 237.714v548.571q0 68-48.286 116.286t-116.286 48.286h-548.571q-68 0-116.286-48.286t-48.286-116.286v-548.571q0-68 48.286-116.286t116.286-48.286h548.571q68 0 116.286 48.286t48.286 116.286z"
        ],
        "width": 877.7129821777344,
        "attrs": [],
        "isMulticolor": false,
        "isMulticolor2": false,
        "tags": [
          "linkedin-square"
        ],
        "defaultCode": 61580,
        "grid": 14
      },
      "attrs": [],
      "properties": {
        "name": "linkedin-square",
        "id": 132,
        "order": 3,
        "prevSize": 32,
        "code": 61580
      },
      "setIdx": 0,
      "setId": 0,
      "iconIdx": 132
    },
    {
      "icon": {
        "paths": [
          "M925.714 233.143q-38.286 56-92.571 95.429 0.571 8 0.571 24 0 74.286-21.714 148.286t-66 142-105.429 120.286-147.429 83.429-184.571 31.143q-154.857 0-283.429-82.857 20 2.286 44.571 2.286 128.571 0 229.143-78.857-60-1.143-107.429-36.857t-65.143-91.143q18.857 2.857 34.857 2.857 24.571 0 48.571-6.286-64-13.143-106-63.714t-42-117.429v-2.286q38.857 21.714 83.429 23.429-37.714-25.143-60-65.714t-22.286-88q0-50.286 25.143-93.143 69.143 85.143 168.286 136.286t212.286 56.857q-4.571-21.714-4.571-42.286 0-76.571 54-130.571t130.571-54q80 0 134.857 58.286 62.286-12 117.143-44.571-21.143 65.714-81.143 101.714 53.143-5.714 106.286-28.571z"
        ],
        "width": 950.8560180664062,
        "attrs": [],
        "isMulticolor": false,
        "isMulticolor2": false,
        "tags": [
          "twitter"
        ],
        "defaultCode": 61593,
        "grid": 14
      },
      "attrs": [],
      "properties": {
        "name": "twitter",
        "id": 144,
        "order": 10,
        "prevSize": 32,
        "code": 61593
      },
      "setIdx": 0,
      "setId": 0,
      "iconIdx": 144
    },
    {
      "icon": {
        "paths": [
          "M438.857 73.143q119.429 0 220.286 58.857t159.714 159.714 58.857 220.286q0 143.429-83.714 258t-216.286 158.571q-15.429 2.857-22.857-4t-7.429-17.143q0-1.714 0.286-43.714t0.286-76.857q0-55.429-29.714-81.143 32.571-3.429 58.571-10.286t53.714-22.286 46.286-38 30.286-60 11.714-86q0-68-45.143-117.714 21.143-52-4.571-116.571-16-5.143-46.286 6.286t-52.571 25.143l-21.714 13.714q-53.143-14.857-109.714-14.857t-109.714 14.857q-9.143-6.286-24.286-15.429t-47.714-22-48.571-7.714q-25.714 64.571-4.571 116.571-45.143 49.714-45.143 117.714 0 48.571 11.714 85.714t30 60 46 38.286 53.714 22.286 58.571 10.286q-22.286 20.571-28 58.857-12 5.714-25.714 8.571t-32.571 2.857-37.429-12.286-31.714-35.714q-10.857-18.286-27.714-29.714t-28.286-13.714l-11.429-1.714q-12 0-16.571 2.571t-2.857 6.571 5.143 8 7.429 6.857l4 2.857q12.571 5.714 24.857 21.714t18 29.143l5.714 13.143q7.429 21.714 25.143 35.143t38.286 17.143 39.714 4 31.714-2l13.143-2.286q0 21.714 0.286 50.571t0.286 31.143q0 10.286-7.429 17.143t-22.857 4q-132.571-44-216.286-158.571t-83.714-258q0-119.429 58.857-220.286t159.714-159.714 220.286-58.857zM166.286 703.429q1.714-4-4-6.857-5.714-1.714-7.429 1.143-1.714 4 4 6.857 5.143 3.429 7.429-1.143zM184 722.857q4-2.857-1.143-9.143-5.714-5.143-9.143-1.714-4 2.857 1.143 9.143 5.714 5.714 9.143 1.714zM201.143 748.571q5.143-4 0-10.857-4.571-7.429-9.714-3.429-5.143 2.857 0 10.286t9.714 4zM225.143 772.571q4.571-4.571-2.286-10.857-6.857-6.857-11.429-1.714-5.143 4.571 2.286 10.857 6.857 6.857 11.429 1.714zM257.714 786.857q1.714-6.286-7.429-9.143-8.571-2.286-10.857 4t7.429 8.571q8.571 3.429 10.857-3.429zM293.714 789.714q0-7.429-9.714-6.286-9.143 0-9.143 6.286 0 7.429 9.714 6.286 9.143 0 9.143-6.286zM326.857 784q-1.143-6.286-10.286-5.143-9.143 1.714-8 8.571t10.286 4.571 8-8z"
        ],
        "width": 877.7150573730469,
        "attrs": [],
        "isMulticolor": false,
        "isMulticolor2": false,
        "tags": [
          "github"
        ],
        "defaultCode": 61595,
        "grid": 14
      },
      "attrs": [],
      "properties": {
        "name": "github",
        "id": 146,
        "order": 12,
        "prevSize": 32,
        "code": 61595
      },
      "setIdx": 0,
      "setId": 0,
      "iconIdx": 146
    },
    {
      "icon": {
        "paths": [
          "M585.143 512q0-60.571-42.857-103.429t-103.429-42.857-103.429 42.857-42.857 103.429 42.857 103.429 103.429 42.857 103.429-42.857 42.857-103.429zM664 512q0 93.714-65.714 159.429t-159.429 65.714-159.429-65.714-65.714-159.429 65.714-159.429 159.429-65.714 159.429 65.714 65.714 159.429zM725.714 277.714q0 21.714-15.429 37.143t-37.143 15.429-37.143-15.429-15.429-37.143 15.429-37.143 37.143-15.429 37.143 15.429 15.429 37.143zM438.857 152q-4 0-43.714-0.286t-60.286 0-55.143 1.714-58.857 5.714-40.857 10.571q-28.571 11.429-50.286 33.143t-33.143 50.286q-6.286 16.571-10.571 40.857t-5.714 58.857-1.714 55.143 0 60.286 0.286 43.714-0.286 43.714 0 60.286 1.714 55.143 5.714 58.857 10.571 40.857q11.429 28.571 33.143 50.286t50.286 33.143q16.571 6.286 40.857 10.571t58.857 5.714 55.143 1.714 60.286 0 43.714-0.286 43.714 0.286 60.286 0 55.143-1.714 58.857-5.714 40.857-10.571q28.571-11.429 50.286-33.143t33.143-50.286q6.286-16.571 10.571-40.857t5.714-58.857 1.714-55.143 0-60.286-0.286-43.714 0.286-43.714 0-60.286-1.714-55.143-5.714-58.857-10.571-40.857q-11.429-28.571-33.143-50.286t-50.286-33.143q-16.571-6.286-40.857-10.571t-58.857-5.714-55.143-1.714-60.286 0-43.714 0.286zM877.714 512q0 130.857-2.857 181.143-5.714 118.857-70.857 184t-184 70.857q-50.286 2.857-181.143 2.857t-181.143-2.857q-118.857-5.714-184-70.857t-70.857-184q-2.857-50.286-2.857-181.143t2.857-181.143q5.714-118.857 70.857-184t184-70.857q50.286-2.857 181.143-2.857t181.143 2.857q118.857 5.714 184 70.857t70.857 184q2.857 50.286 2.857 181.143z"
        ],
        "width": 877.7139630317688,
        "attrs": [],
        "isMulticolor": false,
        "isMulticolor2": false,
        "tags": [
          "instagram"
        ],
        "defaultCode": 61805,
        "grid": 14
      },
      "attrs": [],
      "properties": {
        "name": "instagram",
        "id": 329,
        "order": 6,
        "prevSize": 32,
        "code": 61805
      },
      "setIdx": 0,
      "setId": 0,
      "iconIdx": 329
    },
    {
      "icon": {
        "paths": [
          "M1056 193.714h-292v70.857h292v-70.857zM912 437.143q-51.429 0-83.429 30t-35.429 81.429h233.143q-10.286-111.429-114.286-111.429zM921.143 771.429q36 0 69.714-18.286t43.429-49.714h126.286q-57.143 175.429-244 175.429-122.286 0-194.571-75.429t-72.286-198.286q0-118.857 74.571-197.429t192.286-78.571q78.857 0 137.429 38.857t87.429 102.286 28.857 141.714q0 9.714-1.143 26.857h-376q0 63.429 32.857 98t95.143 34.571zM158.286 742.857h169.143q117.143 0 117.143-95.429 0-102.857-113.714-102.857h-172.571v198.286zM158.286 436h160.571q44.571 0 70.571-20.857t26-64.857q0-82.286-108.571-82.286h-148.571v168zM0 145.143h339.429q49.714 0 88.571 8t72.286 27.143 51.429 55.143 18 88q0 103.429-98.286 150.286 65.143 18.286 98.286 65.714t33.143 116.571q0 42.857-14 78t-37.714 59.143-56.286 40.571-69.143 24-76.571 7.429h-349.143v-720z"
        ],
        "width": 1170.2869873046875,
        "attrs": [],
        "isMulticolor": false,
        "isMulticolor2": false,
        "tags": [
          "behance"
        ],
        "defaultCode": 61876,
        "grid": 14
      },
      "attrs": [],
      "properties": {
        "name": "behance",
        "id": 395,
        "order": 13,
        "prevSize": 32,
        "code": 61876
      },
      "setIdx": 0,
      "setId": 0,